household_key,clv_futuro_predicho
1,613.0090431993278
2,430.31097940118093
3,275.48040833786393
4,251.83432420338752
5,84.86112122483648
6,797.6825187384063
7,603.7488917467363
8,644.413072793554
9,233.03251015198708
10,22.122305789941194
11,30.99533170268259
12,31.719629908260764
13,1767.1247429952282
14,340.61063596720595
15,261.60059083025334
16,235.25450556090476
17,481.7424589678968
18,1051.8515934522497
19,1453.0592315647198
20,1003.3784343927767
21,140.01060001723636
22,718.3982320972107
23,436.18583801347336
24,353.5097555531394
25,394.7737978040999
26,372.845110965263
27,700.469332524642
28,326.6722212288658
29,113.33523351889833
30,131.84161767205322
31,662.7042329025353
32,336.9287154464623
33,144.35724976689684
34,71.02002482705156
35,84.32483555716499
36,758.8795509953128
37,401.95594629833005
38,85.9949865642454
39,813.8709063218419
40,1539.168579150811
41,439.91757106827293
42,315.52002927251266
43,75.65759094678627
44,101.83686202012782
45,75.47540453143364
46,1185.60385707958
47,382.0260830887815
48,82.1319323483007
49,751.464426203904
50,42.2238866871767
51,382.4088871517208
52,689.8178870751707
53,403.7270593232528
54,25.95258045557874
55,187.78688001420113
56,1037.3940637774444
57,498.08424165392836
58,1543.1109844570196
59,275.90725486493795
60,70.82006174157678
61,15.650209761990052
62,95.79248887689394
63,129.64650637841106
64,487.5064506101022
65,316.2161834651429
66,106.1003987909579
67,1477.5981943470454
68,650.114069576958
69,818.074514147074
70,49.86586748953147
71,451.4257146648134
72,876.7288860016376
73,134.1303817908183
74,307.71315703734405
75,268.78012233710325
76,62.21591690132485
77,810.4996097344782
78,300.2119007898564
79,642.9022585244907
80,501.8077989888161
81,553.3726385282619
82,86.56273149830928
83,213.4617163397238
84,221.5384162342804
85,673.6130527394927
86,639.593024905063
87,249.30873989873416
88,1652.1199939298115
89,17.84688341772222
90,84.72476363894647
91,425.46626973958
92,307.804104898401
93,184.76181568304733
94,91.61534200790132
95,802.4715033461924
96,102.07659019124773
97,606.396513207729
98,424.3986572900772
99,871.366454871586
100,441.7733417422045
101,886.6264108248573
102,88.05156839628178
103,88.75872760522029
104,936.9061306984482
105,640.6253752271787
106,277.3831730678978
107,201.19062294986938
108,256.53355343920094
109,514.3102739745573
110,317.98428363995725
111,315.9134035754647
112,215.0376430554683
113,2389.8996845206634
114,530.1296693480032
115,1485.0772301742657
116,109.89457000975747
117,355.2579219638976
118,714.3775245102044
119,448.11107240912776
120,25.14206700493026
121,340.1465179176559
122,292.4661536162063
123,448.99441543694894
124,88.4843957027018
125,1366.267052599139
126,223.14885095495274
127,706.0251658664173
128,283.7589298950487
129,87.55503244629863
130,53.32344891722148
131,664.7611504211443
132,408.25389187899003
133,680.6440857165202
134,578.7266351415086
135,129.68318467277317
136,469.47548698345327
137,211.7407142237795
138,636.2797060155507
139,468.87216013763515
140,170.36164146582118
141,63.395118534388395
142,308.7950978340407
143,891.5765714993187
144,194.96582902247138
145,258.90585561532225
146,130.72971360358795
147,301.30121301210204
148,193.33269807421698
149,1405.6798755727061
150,107.41520404817298
151,232.68319331451983
152,241.14550469612897
153,315.4543806443279
154,96.83277945019492
155,320.75241057479695
156,698.553161704222
157,264.122488960687
158,288.1309781592869
159,395.91660542120434
160,246.72457022768668
161,909.5277337115297
162,405.7419539642379
163,42.44337650360539
164,634.6850353602086
165,385.9545663602638
166,424.7263565098738
167,212.24225671614406
168,75.79373293656404
169,52.98406951988294
170,500.6946342091064
171,142.87456085080188
172,291.3749382610303
173,22.094540583347932
174,155.83758878623365
175,157.31863086452435
176,273.6001425742218
177,131.00961032781632
178,339.9777746093683
179,72.21924108686935
180,220.50910507585445
181,179.567966195159
182,152.69463343660698
183,161.9426550417845
184,1058.2880845604889
185,226.31345612691817
186,46.439757438435976
187,110.04417573180268
188,351.1286393404251
189,181.57847476177693
190,104.62529632545883
191,148.92979751397786
192,490.9513096194921
193,504.68960928288277
194,234.57445484218425
195,329.65112859484026
196,577.4601120614522
197,347.0692068011202
198,1294.0771187899286
199,111.2018449328663
200,217.47159190128409
201,312.2904810946175
202,151.1342623155744
203,96.58366463447037
204,240.6246460103105
205,543.7604852557051
206,50.33256768847428
207,284.42377859580483
208,546.5456804580876
209,1080.3846020232866
210,541.0587937093647
211,330.8659055035535
212,471.9120725338989
213,121.4485158315747
214,357.3350565731277
215,309.38064970263275
216,408.9189398928371
217,362.37504513535634
218,1296.263989164405
219,1448.0184893721037
220,395.7646323062425
221,437.4729252048839
222,453.41500580003435
223,284.0078578506554
224,295.06228339099204
225,122.71024442642073
226,144.3813610218395
227,206.3419021142327
228,364.50810454299614
229,132.04992858854118
230,698.3639512879344
231,22.88218297930557
232,2044.356151060075
233,144.45604604122838
234,35.37972772142428
235,1319.947797898602
236,211.2913239429883
237,48.64952400697453
238,167.90036398407167
239,612.2705256413311
240,37.64920884871328
241,41.32541184577932
242,826.8924195350344
243,1118.2467289329297
244,265.58309390398256
245,145.4853341638236
246,180.6329952269525
247,230.1487194127839
248,855.9734793520897
249,503.11161054583414
250,925.5368218732746
251,320.3384524040023
252,19.650396662463223
253,1310.7950846243527
254,90.52497981062685
255,81.41991050720995
256,1201.0945657435982
257,375.61880402791604
258,188.35892583567795
259,189.24880959403683
260,101.25980142549459
261,128.20015395572634
262,682.3156649479328
263,835.2538543007742
264,278.8407901217279
265,241.86528087247038
266,482.36122241427023
267,59.56498296674323
268,107.56944999209853
269,317.9150228022333
270,227.71701190018197
271,247.32161285686948
272,51.17729117369153
273,400.68912853784116
274,55.052236904392764
275,816.500871709799
276,675.6335099974877
277,106.37007581947735
278,180.92700365091756
279,258.54331937141
280,345.9330329803334
281,174.5329257966179
282,541.9521369395407
283,837.4647923042056
284,61.41305042732848
285,559.1043408350005
286,151.74500286840305
287,482.99559561810486
288,532.0714961033797
289,904.212580716284
290,869.2286533035568
291,301.90584657947795
292,228.21748562091287
293,446.0058658427563
294,742.5924557668033
295,19.39812121290342
296,45.97662715435588
297,594.9175403053331
298,30.80981799906751
299,52.565910773304815
300,609.9585649840552
301,887.7760969738707
302,337.5949235313735
303,755.4994608203034
304,1028.4375753098523
305,447.1330774251482
306,859.497965600399
307,296.0234491278205
308,452.70489744702644
309,303.756467906889
310,49.075843560054615
311,293.30703348374465
312,385.3121920732027
313,88.91350782228882
314,492.9460198630961
315,28.18750472806967
316,212.43608702929814
317,594.2984205750495
318,124.50756737081134
319,530.3652616200729
320,95.74956119782883
321,726.9530879925348
322,392.9272854574891
323,31.1677917380433
324,1186.5491091876238
325,398.27568414327254
326,118.16023299454598
327,26.019963271814177
328,2344.8025806892324
329,463.1494308967564
330,174.2061299940487
331,171.49426064519903
332,790.8550897494388
333,123.97899087154755
334,449.79029816568857
335,396.1435940512451
336,503.2616374790649
337,178.93664612497523
338,405.40623221016125
339,339.00014183991476
340,116.03939339173849
341,50.586203442056764
342,371.6118156134337
343,238.3427654575591
344,256.2774043586676
345,726.5573781807266
346,859.6988238310335
347,65.50661173523696
348,419.38224412217716
349,139.9439180434996
350,353.6957797909046
351,1133.3521045990162
352,72.9748609973605
353,644.4477403684299
354,1256.6019476281356
355,29.0496636069182
356,376.9537194588773
357,253.38435211835957
358,1720.8709434904877
359,90.34623196976904
360,110.5725828732796
361,1227.2308475136615
362,407.7517397395652
363,39.34902278541024
364,208.27619295794594
365,1042.457288455814
366,123.27367654884571
367,901.1600111914427
368,156.19614587693906
369,138.717638934231
370,161.81038185523008
371,2290.0428871173976
372,58.01651748122759
373,31.631985032183415
374,941.3945070349964
375,56.452325082156456
376,628.4188604876491
377,450.30488443545005
378,667.1314708809504
379,120.68349873878748
380,1074.7336943736682
381,363.52893901645035
382,85.95189371164278
383,702.7177678653965
384,644.6536070018358
385,504.1983863227726
386,609.2918087639446
387,821.6679816682114
388,248.12023096899767
389,2285.852221516265
390,220.1631769241403
391,236.12875483305731
392,1493.5422202556529
393,384.7231893584702
394,272.8965277271287
395,130.12452354265304
396,327.702083383427
397,785.1037523781249
398,385.02924330393864
399,92.87380295570927
400,2494.263577964159
401,487.1184745229059
402,359.7486809195393
403,186.94667101010887
404,670.8478315198533
405,475.62907401768706
406,368.2304669720509
407,126.39758975504674
408,323.1389535327586
409,601.316609150589
410,219.09284410578678
411,1017.7450463192328
412,371.3594557678281
413,663.4254733096258
414,262.06505258816037
415,106.23012729107462
416,239.1698269669388
417,539.1344236650449
418,1086.2454532144818
419,377.5049181685821
420,135.07520353947032
421,756.2729957235215
422,124.45578767384252
423,40.89170733166904
424,435.71352356119286
425,695.2692230919238
426,1117.851568595466
427,256.5335920877207
428,484.50058452082544
429,105.64012685049613
430,395.00579072360273
431,120.15723217349635
432,507.90363723646453
433,153.86864458444688
434,535.4058819199769
435,231.78024073975072
436,300.88303698453245
437,800.6573494138458
438,746.9567211889981
439,119.17977071872976
440,12.816795693916559
441,343.57526941821516
442,514.3676219255173
443,322.2525127730824
444,113.36957066419791
445,150.59457673121813
446,34.93405244272499
447,121.99092875518254
448,78.53159334312218
449,171.7386051404709
450,215.7496152814776
451,399.75181315792287
452,115.51534135612485
453,126.86167653858233
454,1095.9866831092277
455,119.2181477932434
456,771.0697730787061
457,124.35255108621466
458,290.311401790472
459,202.27142900816312
460,149.77036950784225
461,140.186056280354
462,327.07367563798755
463,785.001073224714
464,428.4782630309738
465,45.05546072385289
466,148.38538269283254
467,411.2213396893607
468,698.4254386721806
469,1011.2658524607194
470,293.3047082216383
471,154.95121263104795
472,935.842433011857
473,462.6776300937759
474,343.2628337416496
475,295.6242214341419
476,293.00106766545525
477,125.0680290519878
478,33.82225239840637
479,118.06746348930334
480,510.89303150321956
481,275.63056337124345
482,149.17362548569295
483,406.11845869015144
484,445.1475778663162
485,891.7238476420875
486,93.02769589674139
487,43.743190147757026
488,68.47251486078466
489,872.29246309562
490,551.190711806386
491,627.1485980907453
492,1168.0206701624957
493,614.2953483636328
494,113.55634505610533
495,483.40799306963504
496,156.13382409848012
497,175.58732116249064
498,197.65384293849374
499,87.17324403950339
500,24.196227104135353
501,127.3434874334026
502,191.08406250180394
503,659.4281578555398
504,123.19796893362701
505,51.283629743494714
506,127.34150182291393
507,180.23945065917175
508,194.50646697404062
509,41.021275266121826
510,1190.6402210326587
511,680.6575153013956
512,139.86458316097503
513,1283.059402820569
514,353.31110600486375
515,328.71576976995163
516,120.53013302560649
517,497.1967451940494
518,746.9158791779599
519,141.06410411270645
520,211.35097151413822
521,135.58402009822154
522,45.183617292896365
523,872.6771243434772
524,230.02779464695317
525,261.7309118280994
526,629.8907077318535
527,511.4420511110708
528,123.12894890211605
529,135.62261335567027
530,216.64335740782494
531,123.0718364191945
532,34.033889860433476
533,426.50060716182765
534,223.35008151548217
535,128.67871972038606
536,167.04622756317406
537,200.60617162725816
538,649.8459978845551
539,250.17962165081155
540,519.0099968056501
541,258.3051424210741
542,413.83869363145897
543,434.1271381690985
544,154.90899392445232
545,419.1859136355756
546,356.5823602480937
547,231.24052655305263
548,578.3052480800808
549,145.45068772823296
550,111.44482360958034
551,189.51771896485636
552,355.76050229467404
553,1213.0370307376177
554,355.676928967953
555,91.5518928382488
556,113.96509456059216
557,132.2572480059408
558,340.6278200904256
559,20.979285834718432
560,968.8482003691867
561,193.8554951724089
562,443.9496697346277
563,428.4006744110899
564,131.79442909741968
565,84.17287716555683
566,95.99410539765456
567,474.2643617044376
568,1150.4844658313468
569,903.1445065107554
570,154.15669298125258
571,270.17451897735765
572,90.25545592187076
573,524.5265557646754
574,1023.4514693502946
575,1364.5419866562863
576,313.32998861236723
577,606.5150482768544
578,449.93864658525536
579,62.50246391951299
580,186.30509632917972
581,558.8341540554353
582,797.0141015248926
583,467.6684379551062
584,102.50853796200703
585,143.66825069472773
586,700.950674480769
587,60.04107593396729
588,1227.4133505907625
589,52.874624224016586
590,463.98078673815803
591,2093.9322507314946
592,150.22567590843474
593,127.56543654158115
594,397.30723293169694
595,406.6869179299633
596,388.52921841270216
597,545.4151970033168
598,429.4929926416475
599,63.1075353058231
600,681.3141474414158
601,752.3453293352842
602,395.3767265783921
603,430.69511231972507
604,346.2555285379015
605,774.639095316521
606,466.93255368186425
607,185.99435224312904
608,873.8941075667955
609,271.969400128234
610,92.1413770846517
611,431.36145662667906
612,536.3533508876163
613,54.94853459262681
614,352.36252544145435
615,78.304593373749
616,117.40680630079977
617,181.961652745594
618,1044.709768774359
619,78.6041498058767
620,39.16197528534635
621,464.25587229096834
622,345.33087371666085
623,705.3387330133336
624,635.8248527369582
625,272.2274750693143
626,152.24316446048834
627,213.3734600449362
628,120.49483019367156
629,71.94931999793648
630,1018.1637823256781
631,1038.6597987765317
632,434.7173757148827
633,835.1518688964387
634,135.16327131329993
635,23.974441882614585
636,1108.9669942663784
637,263.937128604919
638,1302.306241947072
639,183.34036843673996
640,127.742279218526
641,1657.883904098521
642,200.66713330267402
643,321.73411363021324
644,482.14905171040357
645,52.05619491157253
646,436.11596520702636
647,773.684428035857
648,295.93128489747136
649,138.0351075362565
650,162.5487628685338
651,60.1178541300528
652,196.1593518202195
653,1704.7833070861213
654,385.04778649049973
655,346.6220403942546
656,624.467801696388
657,36.38727440662615
658,147.2332775439545
659,127.57515311174087
660,1155.399599703071
661,1190.1448995817584
662,214.5000551668011
663,524.7145906138425
664,217.1078222877391
665,136.6435515099133
666,232.52890548424645
667,250.20327817978077
668,188.17996013475098
669,1135.905027117102
670,718.5548992188336
671,774.634961771887
672,432.19132782262164
673,101.96387640871082
674,674.8192596121539
675,731.0980948993613
676,1357.6195693612406
677,155.9909271045568
678,43.044930391597546
679,793.968701441961
680,532.8805485164362
681,330.6446223669043
682,252.980246828795
683,48.71822435351067
684,197.13591364454447
685,878.9888323850497
686,110.182557640956
687,457.901035607193
688,303.27347472294184
689,42.20604418299697
690,640.7358086198133
691,372.9329037397095
692,546.7390676768938
693,690.7952252803732
694,254.18382807957343
695,1428.7046207197293
696,2243.3638104583993
697,523.1163787703858
698,224.90059097168395
699,1312.8609643332052
700,444.10596704350183
701,509.966793580144
702,1084.8510983999674
703,1156.653110323999
704,19.30746166066492
705,220.7050008498723
706,560.485214918708
707,2489.21324459947
708,357.6790181374793
709,650.4977845849706
710,491.4918178016469
711,61.81172687386797
712,1369.0812982672787
713,156.08918344598365
714,525.6100602396581
715,503.7161200871141
716,153.36810752695658
717,119.20521071351013
718,2365.4207762047467
719,246.72896300875087
720,301.71541269216544
721,122.53399906133261
722,833.4874580454568
723,294.6898282331374
724,117.67997929628909
725,557.5409084459468
726,246.94026740535216
727,593.03421611537
728,1142.8273911647132
729,149.8346304806097
730,222.43055619578843
731,469.3685205935615
732,501.744196626193
733,336.49769580778445
734,178.82936486560047
735,131.3978193811494
736,528.2912962155658
737,261.5362985531397
738,381.2755435443798
739,34.00835963261757
740,1101.1861499297133
741,550.2409298000911
742,500.9090727217227
743,308.61604611226596
744,657.7750663602766
745,839.0764800570015
746,69.89086919868522
747,166.33535353265333
748,292.3152601953408
749,84.57658429571546
750,119.81193595046847
751,74.2318430567693
752,250.26579485167224
753,489.28128475894
754,330.73518035247054
755,1187.732704343954
756,214.62694587395217
757,301.96101800457785
758,48.67441363041954
759,263.6375061668628
760,133.71427168342868
761,1457.8354367329555
762,1316.2991832267687
763,454.92176718646215
764,502.85857458073383
765,301.3243718089426
766,1373.5107663868423
767,100.8839092829971
768,1123.0581856485735
769,261.1445607976555
770,338.69671823224655
771,1332.3313735739143
772,48.515222835207126
773,135.9721158998318
774,123.9293174493274
775,127.18104541863909
776,472.26641497314586
777,466.24231036023065
778,222.4523757511083
779,605.0041615569473
780,70.36354613168011
781,242.94288951275914
782,191.6525512019608
783,73.66228122330917
784,299.53614473439757
785,296.7814549046323
786,968.9933676826784
787,334.7545785892225
788,1050.2263897550363
789,55.154692493096555
790,380.0643779722156
791,44.28929091665997
792,23.391883753395316
793,195.99762307328777
794,157.3562171852456
795,133.63812359333568
796,105.85366919130507
797,465.4182912742076
798,291.93736774807536
799,260.8058183942573
800,1341.9357451778576
801,223.93271913820544
802,209.98351787830154
803,356.247284004905
804,546.8686064443223
805,718.0343864215922
806,736.7663063950956
807,499.70172361681284
808,409.60692741894087
809,83.15356680322685
810,114.23070704776488
811,179.06137093207226
812,100.71039212915
813,384.0649485775157
814,114.36478755711124
815,253.90917673459708
816,502.03749378590396
817,793.8111406499603
818,317.85125096184265
819,63.92826684167756
820,547.6863062779557
821,118.63674540774491
822,94.0232628574942
823,403.48137041243837
824,200.48518669504665
825,1497.9611413754226
826,45.31408976984893
827,47.267991635875795
828,132.12841114169748
829,353.1762237355166
830,284.91649808015956
831,1264.7161569367643
832,76.0889864953643
833,298.84685688110955
834,109.88234011455052
835,39.255366053096246
836,116.1639654990125
837,126.57548443224948
838,73.90769810743409
839,146.7212203252435
840,1672.1717876371563
841,398.20863443508574
842,1052.3445818162782
843,410.2508879018691
844,845.5974655149988
845,799.03626712091
846,281.5885710635843
847,299.5499668321613
848,312.6352637856866
849,750.1448126089645
850,200.2992988357357
851,25.488613452150698
852,426.6822184049784
853,1952.4440258897912
854,124.01194279758128
855,855.8695633680363
856,874.285468680963
857,684.4010034930234
858,98.95351211030821
859,1010.1888752289223
860,33.96440971286015
861,128.50388991929415
862,239.9800827725688
863,300.59661645529144
864,1097.3683513457952
865,372.3575862911715
866,699.9585140268427
867,704.1607935269162
868,945.3896019211303
869,232.8767577423316
870,23.934965657154663
871,1455.2426672161046
872,44.74267872889003
873,299.1681714739546
874,55.64302767603735
875,288.97236895810204
876,788.1840640132262
877,488.4631420046883
878,598.8480482448773
879,376.37322242584605
880,59.38068982949901
881,278.55965949399763
882,754.4632165749895
883,1284.5010955962716
884,91.43328920953246
885,416.0146558233172
886,640.6827640223706
887,222.71000327645433
888,1007.8242147493326
889,1486.7103435412432
890,218.94542947541
891,927.462404661089
892,114.23388286464804
893,567.7163466027285
894,239.63529693136923
895,1148.1596033024296
896,605.0342418829686
897,152.66144029701744
898,1149.3039863750398
899,81.93766442176695
900,2353.746783695879
901,485.57213961891983
902,38.74787658095178
903,251.94742659160102
904,237.55624030700017
905,133.36531861615114
906,1023.4282387883253
907,348.7315683246767
908,846.9688603336393
909,1678.341049854085
910,240.9694796191666
911,678.1026847575861
912,329.1911438275545
913,340.62259843812456
914,331.41183389750915
915,202.14247218257202
916,536.5112388525868
917,76.78462416885726
918,276.4284879693105
919,238.4589103530032
920,768.7755035427913
921,44.91742630011323
922,486.97452464118146
923,385.62098303589863
924,239.31435475368698
925,94.11388794346077
926,999.5152396684329
927,151.6994918613357
928,502.4648112446286
929,777.0072658628725
930,194.12681895775717
931,799.6816783049842
932,608.8982508080489
933,403.8062296051584
934,1173.0193562363481
935,177.13975536336716
936,953.1942027507476
937,313.8412752954972
938,268.8750699890176
939,784.5941349451925
940,203.0866815963046
941,236.33270602688432
942,854.2149883965802
943,298.8168890472296
944,497.13367527504346
945,257.0549441678573
946,391.3347981466164
947,285.7386886874568
948,25.335800027696383
949,850.8074933552991
950,267.6691899557081
951,125.5220493714826
952,353.4442914617844
953,473.82942798318857
954,396.05316234201985
955,505.0663139982308
956,1271.851228389502
957,502.4898671873978
958,26.61781974280547
959,244.43742342140015
960,308.94923419032204
961,583.1086755217469
962,264.41022379712086
963,226.089672274509
964,299.8632544168627
965,225.217901465687
966,39.05549636336774
967,22.179404857829603
968,1204.3365012049342
969,108.30505638972046
970,95.63694772383525
971,530.0541663414363
972,667.5224817389942
973,1946.0183911431743
974,179.19716066363483
975,760.5897709542332
976,870.6145318165118
977,155.9783998082311
978,443.71649770452495
979,1372.0124230776396
980,189.2556629389393
981,269.12081199327866
982,2355.638460145348
983,467.90452131901526
984,210.7811751986583
985,497.74728525883603
986,255.74004289854162
987,198.27379847179958
988,778.4274131568425
989,601.1166408002751
990,32.23429720226104
991,261.2199259722696
992,140.0757186660213
993,533.6334504317233
994,105.25156876977596
995,152.1933965431802
996,312.59457864555065
997,653.0006629647902
998,1125.5316259949616
999,286.15403130909743
1000,554.7679973804887
1001,567.8063120856434
1002,149.72034773361676
1003,433.74500561458257
1004,550.7886186282456
1005,325.7016742984245
1006,43.7550151045606
1007,232.0231161960602
1008,102.07690926565402
1009,34.177851462539834
1010,290.915441626762
1011,457.69666369901853
1012,294.9560950075497
1013,97.77705839157514
1014,545.3411041092694
1015,455.5849959754295
1016,531.0920625792261
1017,527.0523420672891
1018,305.2896573875011
1019,243.2161327026732
1020,1433.3552646307355
1021,244.49936538789422
1022,40.030202915916085
1023,2458.8954617338322
1024,1144.25403453664
1025,312.3786279060013
1026,34.474746171568
1027,196.10748275648018
1028,35.15599669007143
1029,2154.883680169271
1030,159.52505015650283
1031,277.9470108212539
1032,390.43615973315156
1033,174.2646001010641
1034,86.67560029236834
1035,27.721055728289564
1036,114.78041259586342
1037,260.3670601499932
1038,187.26730734157974
1039,813.6266809158676
1040,679.2873813032106
1041,1030.8141330348824
1042,706.0994532330027
1043,111.6669707781375
1044,65.16156125163646
1045,698.4952069897028
1046,557.8562412766473
1047,190.61738125838176
1048,124.94227685854649
1049,123.24881865542042
1050,763.3259392522742
1051,423.2932947082899
1052,67.42657807041148
1053,741.6224312751639
1054,248.70781226349237
1055,234.08257827428412
1056,391.9615129923853
1057,1176.226674835577
1058,475.39915366097944
1059,33.71744301711942
1060,683.9982151526757
1061,871.8991243830302
1062,209.6073638582381
1063,336.8203090102052
1064,443.3689857177098
1065,391.5115783248664
1066,267.6321994409576
1067,606.9525164722138
1068,176.41509272783836
1069,566.8651455319515
1070,699.8603968442527
1071,410.11851715244467
1072,419.77078711452305
1073,470.9823696416995
1074,1088.5716933398116
1075,258.82114145051594
1076,355.05250263812746
1077,342.36696277170563
1078,869.038056370892
1079,68.27929385725078
1080,299.3082996748571
1081,1271.9576388821959
1082,343.29301625085253
1083,243.4673085181589
1084,310.68111788224763
1085,547.3161571780707
1086,273.56110224824255
1087,474.5731085753928
1088,191.3928154605779
1089,233.85467609528845
1090,74.18889960978464
1091,323.72725568611435
1092,274.5264938851572
1093,195.86510892105028
1094,796.6910361494364
1095,99.98617546625258
1096,113.31005564444713
1097,1001.2948644779829
1098,1081.8124921728117
1099,106.78194035079358
1100,65.9634387469003
1101,18.662952976682295
1102,383.5902262310502
1103,866.9516286869458
1104,476.4342664288903
1105,116.35231261962817
1106,143.01869120979472
1107,220.8937038222343
1108,70.05792278149357
1109,391.8715324761446
1110,630.6126528875105
1111,2348.478378448439
1112,236.13547365670183
1113,620.2381408944904
1114,171.30083744249762
1115,161.3502306970562
1116,331.9143362993157
1117,514.7037209882436
1118,101.07826926444429
1119,269.7816363240762
1120,275.3355138482367
1121,334.79072307231525
1122,107.20725818492622
1123,601.5309184101081
1124,221.6446347785301
1125,167.49171026514384
1126,411.85628107672113
1127,173.8795862277997
1128,432.86073761109606
1129,428.6368859463633
1130,866.7018385431459
1131,405.5517221194944
1132,288.74544533346835
1133,197.1754836131006
1134,753.416887762874
1135,110.72674717297343
1136,347.76742205323546
1137,308.8246980010388
1138,601.7157047850524
1139,963.2382017058627
1140,287.06300450085985
1141,194.11197813326973
1142,2144.066933146759
1143,54.79899517153017
1144,31.197288986142304
1145,472.53953617189825
1146,1209.61152723037
1147,608.1691496737543
1148,88.35259984397614
1149,82.90280667327232
1150,111.70217555869375
1151,368.23183085372847
1152,282.29321363375806
1153,151.2098279286857
1154,472.2816482274667
1155,337.77537396675024
1156,145.6870402518413
1157,466.77250130271676
1158,498.66041995667155
1159,460.0748274672925
1160,545.7637474709775
1161,232.78442468537955
1162,30.253395742418082
1163,628.1779095391144
1164,643.5914616001844
1165,242.879328708042
1166,1589.2826081564508
1167,836.5497787095567
1168,209.8377965337624
1169,824.72967780442
1170,20.55331139255707
1171,214.35178946467403
1172,604.9016460514783
1173,123.6672789182625
1174,244.57729599893239
1175,1059.5460733117939
1176,81.95277595443218
1177,132.63775625026392
1178,640.2924864888025
1179,1484.4833567800863
1180,799.6499280376576
1181,219.67672243004398
1182,201.70085083826837
1183,67.31043884704488
1184,131.020992049738
1185,260.34611300082946
1186,826.2373859207297
1187,425.5215934422103
1188,588.398767046106
1189,223.76701769985578
1190,380.35882640359847
1191,344.21185611983435
1192,313.10850270916103
1193,602.9724554525338
1194,203.62462071793655
1195,256.16643568380914
1196,424.51348380131367
1197,1120.8343979800188
1198,248.39625960396165
1199,42.865089751526675
1200,421.4308277476412
1201,102.45419858251269
1202,127.54816576329691
1203,814.4063571403778
1204,276.85015509833704
1205,565.8507188946137
1206,851.0211223269872
1207,146.03424275452923
1208,254.73942587290242
1209,121.53472623407424
1210,144.91421907581469
1211,1139.143082490857
1212,27.29729754133914
1213,113.69348469289956
1214,32.13405287578376
1215,157.71066894619926
1216,598.4483768343699
1217,398.9702514684314
1218,505.1893128192352
1219,135.55702321449007
1220,137.63512767112084
1221,108.78178892000483
1222,631.5407987105581
1223,200.3450406068982
1224,359.4506367170949
1225,322.7364283436032
1226,870.3334430381881
1227,681.518018036431
1228,2031.9778395222636
1229,2371.330925472225
1230,46.55430702758771
1231,259.59392297042007
1232,77.06057758966439
1233,182.52122790478433
1234,639.2650112386863
1235,87.02263978004478
1236,368.6235261106712
1237,259.66508842012763
1238,445.60529821994027
1239,392.561152177902
1240,1452.6533405436535
1241,177.507046516433
1242,90.94413643076139
1243,51.28362214107123
1244,126.43898985228186
1245,522.8266919624883
1246,708.5750591844127
1247,1004.79640382674
1248,1047.152039226768
1249,57.543136125353726
1250,119.04276720453927
1251,37.530328365523125
1252,156.96656478757168
1253,97.93718435960318
1254,30.660856267585288
1255,140.45988166187752
1256,697.4457491451707
1257,205.8023407637658
1258,437.81456443650006
1259,127.48220931722608
1260,1368.1842068162653
1261,488.5861113082347
1262,117.8590587978149
1263,514.8463276573387
1264,741.0199312671739
1265,208.03501719928295
1266,312.90067720386503
1267,320.19715535750333
1268,462.4255124640232
1269,323.9795123146458
1270,582.4615774334687
1271,623.5820732215702
1272,1310.565598220176
1273,67.42685288611032
1274,1440.0442015424915
1275,27.35491517022613
1276,111.00182982889588
1277,695.137669337208
1278,98.9456932002119
1279,665.4963412874164
1280,40.747991613978094
1281,165.9780809279757
1282,557.8251556695415
1283,78.29154411441037
1284,315.87683579266655
1285,771.5618505958003
1286,112.63674302844794
1287,281.1359794042004
1288,241.87207138986616
1289,279.4126111494987
1290,300.3134645697493
1291,401.22320057675677
1292,77.52152370679501
1293,376.9826208404052
1294,723.1503295811493
1295,264.9408970882334
1296,311.33055367473133
1297,351.8323613413804
1298,326.4935203487947
1299,674.7642232041173
1300,418.9182838231169
1301,113.60222124468062
1302,108.66400186593556
1303,721.1855334554682
1304,157.30537754620107
1305,1156.3604220456664
1306,499.51507462673123
1307,124.65354855816989
1308,47.831412721757246
1309,37.196153088691865
1310,226.63891323439694
1311,152.99897832644078
1312,322.39879842711565
1313,302.3102532991908
1314,2044.5811484045678
1315,125.97985668312293
1316,529.1268274772586
1317,591.3852212050892
1318,872.1488279770336
1319,139.56577471552512
1320,84.91390332689424
1321,301.05017721899617
1322,20.42290516834114
1323,57.35161802197435
1324,425.4976658175629
1325,467.6446341406654
1326,1311.6180127801638
1327,59.57447521646935
1328,431.4566004935005
1329,256.1058272147396
1330,234.70865455787353
1331,180.84573345498458
1332,463.90886843010037
1333,1233.8959759225745
1334,126.22712179618499
1335,159.76968496116098
1336,626.5268425419565
1337,1736.2414492806581
1338,306.22734766691855
1339,123.91900794059335
1340,110.4500013319629
1341,48.95286623189807
1342,33.61042651030446
1343,24.856505558490692
1344,485.90520243699234
1345,173.03133311184394
1346,158.4260887459941
1347,467.4130581217695
1348,38.76285448508793
1349,513.3290030375101
1350,470.1898466506841
1351,103.11675969671677
1352,780.7590542415302
1353,547.9664756255465
1354,343.8817809456662
1355,104.17654900142735
1356,338.3244162151433
1357,363.669443627444
1358,424.86750426245055
1359,194.05246907793244
1360,81.72853080784618
1361,57.580133987872806
1362,308.58504299726815
1363,643.2979071302143
1364,383.6791482046993
1365,21.305828646484027
1366,554.8633058194443
1367,1401.6274678437308
1368,435.64680784468135
1369,447.50600053345386
1370,1162.721369304298
1371,81.03052683849783
1372,212.51011499620628
1373,133.95405411869163
1374,321.549552728388
1375,441.28476243682576
1376,1711.3333817083044
1377,106.3442809103577
1378,883.0445149930646
1379,1880.838963815691
1380,68.3465023823827
1381,31.918774227054904
1382,304.40820267833686
1383,217.92391004819308
1384,219.21826634008448
1385,496.55863361470296
1386,18.232081860546717
1387,262.1225172853435
1388,870.4179269430485
1389,488.14075424287563
1390,599.4103335595448
1391,1243.5198062855695
1392,192.0055751317467
1393,745.0869866836156
1394,433.57130495119446
1395,289.5796331231005
1396,1097.8375134784276
1397,883.9276728802349
1398,127.11553845499414
1399,297.8308158858704
1400,24.200343274816387
1401,116.82731358560767
1402,339.6904333531918
1403,168.39696601148222
1404,229.52049268879898
1405,462.5132681151013
1406,510.6048622093084
1407,243.87601969975853
1408,119.90691265664202
1409,751.0172783071276
1410,369.5300496673555
1411,16.865227011232296
1412,580.2950915320031
1413,76.66392296174021
1414,35.518204298903015
1415,52.7818986286855
1416,58.81663500330361
1417,566.1507601631658
1418,492.4664610357873
1419,1139.657014834383
1420,480.91968478342307
1421,716.1887860052537
1422,111.4423121368816
1423,216.70387762988028
1424,121.8506712693888
1425,592.1233253428526
1426,236.25775286946876
1427,436.5805033517376
1428,748.1441120429209
1429,170.75204985583423
1430,2430.9816224848914
1431,384.45558964323754
1432,102.46366424104
1433,60.79647233431295
1434,595.5888260753927
1435,120.00375115642696
1436,45.56710623528276
1437,709.1775403778967
1438,206.0540100935797
1439,71.48924806869583
1440,434.6569112343378
1441,62.0603882578605
1442,33.6656607872399
1443,229.89592592434119
1444,68.28304869613224
1445,800.749071063874
1446,282.09240375069714
1447,105.09896189553575
1448,116.39474622477027
1449,119.98794686002167
1450,217.25218234684888
1451,1089.084687565834
1452,283.0918527010094
1453,2485.134783275706
1454,807.631136641287
1455,114.7188196336639
1456,109.89958567702435
1457,419.86515612029586
1458,514.506596015728
1459,661.8445119201538
1460,265.7793862654161
1461,925.7768128913056
1462,724.548164251349
1463,360.3008018967594
1464,179.53801151595795
1465,134.26131023642478
1466,89.2710716562022
1467,387.65223439473846
1468,329.6542790443397
1469,115.97326378024277
1470,341.4532248495682
1471,91.5483976366777
1472,23.578049138014503
1473,610.8737078884627
1474,329.48379490958786
1475,2263.397392748883
1476,1080.6606755333523
1477,62.36592590461404
1478,13.675466456402718
1479,1185.2306685838944
1480,48.37289667243296
1481,515.4545901087303
1482,147.10817049615466
1483,425.87837736186924
1484,558.9200392439174
1485,357.7979106246801
1486,130.27279217944832
1487,299.20714136484384
1488,583.6490048235835
1489,2326.077312563709
1490,661.8988353041508
1491,799.9199168493606
1492,242.4584310386825
1493,264.76530203299785
1494,339.11795724358916
1495,275.65799594969883
1496,148.39620319959937
1497,109.50873847204834
1498,247.29809339214336
1499,317.0251434100654
1500,230.76161545233515
1501,1150.4186272433462
1502,354.3742193707809
1503,46.61233463112936
1504,110.09549569584054
1505,651.8044759084659
1506,321.9500494339162
1507,334.31443432215207
1508,347.1722527894055
1509,941.7304739906718
1510,1614.885622478727
1511,575.8149312703557
1512,329.0735259033958
1513,135.30075046525076
1514,366.66694504533274
1515,505.1497323854516
1516,17.593075846849565
1517,543.2485681076668
1518,158.8088784371307
1519,507.0668160508538
1520,606.277176772003
1521,114.72980408417263
1522,159.85443300334657
1523,113.75268787102844
1524,454.46580195256286
1525,290.94916869489424
1526,420.6365171156752
1527,2383.6204043888874
1528,1217.6353124164625
1529,1216.9933361302453
1530,161.25515082407952
1531,254.874856836912
1532,123.38573391310425
1533,46.184245273133854
1534,1124.470247645318
1535,1102.1189166307229
1536,913.2471418432581
1537,356.90287131356104
1538,92.1364257968557
1539,56.844327516379614
1540,552.8986895763203
1541,1087.884668493305
1542,307.6592012708369
1543,227.20460480266843
1544,218.7289006134503
1545,522.2318301599161
1546,639.4179665246699
1547,322.3641975838928
1548,585.8632870944862
1549,321.8769953438045
1550,389.227909488362
1551,111.1963963297367
1552,245.53152714665248
1553,65.12658585606835
1554,72.69809355207448
1555,253.3178185668687
1556,542.5027004256025
1557,943.3982298128188
1558,623.3435514359383
1559,286.097650643652
1560,268.2592245529545
1561,122.50106594246604
1562,97.57760566007953
1563,718.2236054794041
1564,60.19814118452316
1565,110.60214076852974
1566,1440.9617694662102
1567,349.0581817056394
1568,731.4048200664774
1569,109.10882300501508
1570,336.1861558935292
1571,88.72853280245921
1572,435.30890831053586
1573,67.26411120490076
1574,398.59578867554114
1575,272.04225384776817
1576,108.93487413550632
1577,567.3022029141038
1578,397.4016035601216
1579,1399.7757448372827
1580,324.84897687185617
1581,257.6519309960846
1582,337.1360135787682
1583,61.621518867141496
1584,879.3275589754019
1585,1216.9903922105113
1586,184.5384555535067
1587,120.8567390131195
1588,525.6633792713708
1589,129.51740417506133
1590,923.4679268129432
1591,640.9621819985497
1592,394.183362230017
1593,264.7044138022897
1594,453.557905801271
1595,528.3133783950773
1596,343.90635396081336
1597,130.91698433918475
1598,1527.834080356427
1599,621.6714363187828
1600,222.71203452823485
1601,175.9043937974194
1602,851.4463829688826
1603,110.51664034664483
1604,154.92210762215862
1605,155.73144021189705
1606,167.03978656832564
1607,338.65306760838143
1608,145.72470690750484
1609,2387.6544315260344
1610,17.62014665044478
1611,124.62371275901582
1612,919.2834411155035
1613,829.8182089902597
1614,103.29506577136301
1615,95.55576431885835
1616,289.4853022480016
1617,283.14907174625694
1618,730.642141432009
1619,650.6600864937134
1620,1120.3411272865028
1621,494.7385222833319
1622,505.8816928921833
1623,693.2453880817149
1624,293.78401590837984
1625,121.44702560785478
1626,43.97374694549976
1627,479.9052831189584
1628,89.83182496151076
1629,111.59519865227954
1630,1228.0949474079691
1631,1514.1737998395283
1632,193.45169810384024
1633,1345.7733203072928
1634,671.3885632864414
1635,41.01486393390511
1636,120.68349873878748
1637,200.12616171311947
1638,116.49611435811234
1639,341.74717825723343
1640,617.9322183234875
1641,56.570247953085875
1642,254.05668359927085
1643,213.24487382363913
1644,92.150567223069
1645,27.809671363942076
1646,110.56841128181358
1647,51.87532872501807
1648,567.4451208398965
1649,240.4155541159881
1650,327.59286177747487
1651,377.43854628563895
1652,239.57974882914496
1653,2463.656745487254
1654,102.34809505626967
1655,85.71184976557981
1656,71.41244386516922
1657,129.08776664633288
1658,275.3179196717058
1659,503.58424239255964
1660,353.9431464556405
1661,230.98971539454593
1662,1113.5850985676823
1663,296.0828880909245
1664,389.6308081212933
1665,309.5480375514603
1666,134.68082588377158
1667,129.7596213727706
1668,433.43431607313386
1669,106.43464514953816
1670,32.5225170101114
1671,273.12482232833105
1672,324.82530005611534
1673,664.1545200955347
1674,20.169445388906947
1675,577.7023284115319
1676,786.628469467934
1677,1326.8183994795575
1678,229.36430031692188
1679,64.11961723711329
1680,400.78115129055476
1681,440.3842211788926
1682,39.87824951399321
1683,190.8130250123531
1684,324.31400375955576
1685,211.02752006305374
1686,197.29877361669233
1687,600.0963796381126
1688,104.17297207451568
1689,384.79355441133833
1690,290.61835712692465
1691,423.43976350475333
1692,373.40738090022586
1693,1433.210666983568
1694,1222.2184607169877
1695,232.70540858681392
1696,435.8331697059998
1697,93.67190337294939
1698,319.2021828447877
1699,321.35916243459565
1700,377.671722539044
1701,155.57294676878902
1702,417.96377572869494
1703,656.718586210323
1704,90.9073723023078
1705,317.7464044725451
1706,56.316408009770896
1707,969.0616720212821
1708,547.5705762598625
1709,213.23179020258328
1710,1375.2481139458605
1711,116.86942384795252
1712,190.17158722491925
1713,371.79382553462375
1714,52.31786159212309
1715,177.5597320995439
1716,221.8639020044051
1717,308.57119581972614
1718,183.63189190449617
1719,489.68108833321213
1720,849.2631596705519
1721,131.2826074460653
1722,1230.5845990457053
1723,657.855724642973
1724,472.1394938490732
1725,87.10787074028016
1726,1201.8344062382298
1727,91.61030915934951
1728,308.67408606969155
1729,235.71605301472655
1730,291.05724536608363
1731,312.85805163951045
1732,510.6766944289678
1733,317.99382855136616
1734,53.042349275648554
1735,628.2757608133709
1736,73.96690530629208
1737,76.02825304231948
1738,310.62030150000265
1739,122.64755706889748
1740,1716.6067434643066
1741,68.56374061620603
1742,312.13329427122346
1743,200.33646430192186
1744,182.07841958545154
1745,179.9321181943816
1746,359.0936384470938
1747,386.5649786381795
1748,821.6563817113687
1749,606.7541654769994
1750,96.66904018329217
1751,565.994662215026
1752,741.3159270557405
1753,462.0027962281411
1754,555.6384111979553
1755,307.14751014267597
1756,281.7533684038832
1757,21.61408791372823
1758,406.40622124623405
1759,569.3493137317729
1760,104.0473955250957
1761,353.4563396853941
1762,2302.258892503531
1763,547.1325306737433
1764,1666.951411008881
1765,583.8597903207645
1766,87.5833800826003
1767,903.2105749711732
1768,248.00549954098886
1769,876.871748550457
1770,1066.1847678014328
1771,78.76907741163272
1772,391.01910988199705
1773,220.1068608580451
1774,601.4837020804334
1775,1425.360351622993
1776,325.75379324364167
1777,189.67618170996647
1778,1178.2993590582653
1779,242.27917253631105
1780,213.03455435312557
1781,227.99339620341422
1782,350.96805328735064
1783,624.7878440388876
1784,207.43160245263905
1785,309.9436512300462
1786,97.46437358678926
1787,106.43163972966192
1788,1289.2350555774617
1789,36.74943628878351
1790,323.62939071912695
1791,490.8628506507184
1792,467.66660976882906
1793,189.97334920944948
1794,594.4571225163343
1795,1363.821296886144
1796,358.039949465766
1797,724.2125310099408
1798,431.176689839236
1799,64.8351448590473
1800,455.29065027175784
1801,133.60916458945272
1802,823.3497028137516
1803,2288.7533807754867
1804,1572.8836722094718
1805,172.2251346529804
1806,468.8009012403665
1807,1166.735551219872
1808,197.32287177525416
1809,250.5451370529746
1810,600.6368125561858
1811,82.39813434296845
1812,391.64171747620856
1813,74.15100747686746
1814,352.14708784746904
1815,721.5572728524704
1816,525.0239128949434
1817,122.38921598679666
1818,239.33422211824882
1819,314.36891375422016
1820,614.8068991660203
1821,670.9045221168303
1822,334.1406448779488
1823,1756.9301171625739
1824,476.58390458983183
1825,189.35014816605172
1826,329.221124012283
1827,131.25102189689957
1828,647.0892488389073
1829,938.3514883782907
1830,113.34770614070496
1831,812.5828703908259
1832,182.83563435597475
1833,412.3632428422564
1834,590.5793470925598
1835,1396.625130526754
1836,400.3392506882637
1837,992.0168167339848
1838,215.9805477738293
1839,306.75953887545614
1840,34.79335493762998
1841,401.169009493027
1842,90.3973712216157
1843,178.30511144285944
1844,294.5893577566155
1845,1480.886383112317
1846,116.02109239035136
1847,289.3971232513142
1848,1553.0073965751092
1849,351.7710305937996
1850,1028.7949926714705
1851,144.2098594938112
1852,1100.049870075093
1853,63.924148973890986
1854,1051.4436011966582
1855,33.281516740784824
1856,641.2002881436815
1857,313.7665489782187
1858,475.4512554330894
1859,225.97481260808456
1860,124.89528936735522
1861,316.7479819146718
1862,175.0692536740675
1863,52.708479862446794
1864,2463.138216381437
1865,874.2119257555383
1866,38.03757401310149
1867,215.91403959427305
1868,118.11602142495501
1869,527.1010926167482
1870,68.39689615047153
1871,84.16483499741781
1872,460.1981448156766
1873,604.3535669170938
1874,201.57922643320333
1875,156.95812806247073
1876,112.70761715868376
1877,203.67768592822856
1878,82.77082271795692
1879,821.5125695470277
1880,163.42005931846964
1881,470.2257874665336
1882,82.06481035129538
1883,218.31093016318906
1884,71.8391294501101
1885,119.77951489587522
1886,57.56802464335673
1887,214.90205346867705
1888,31.064904330358168
1889,212.51192639181045
1890,358.3882742903621
1891,204.12105766388774
1892,531.655311793645
1893,108.97820416715227
1894,398.8472468775619
1895,81.14572308708179
1896,563.8103863939053
1897,112.33382875274755
1898,126.15734651529701
1899,1376.9796636179906
1900,1236.8170901790443
1901,1400.120407895449
1902,285.02487588090685
1903,307.00367022081184
1904,66.91765484114723
1905,367.63575381583485
1906,1302.5032839088126
1907,1176.6045079868272
1908,93.63768534761645
1909,81.54721920685687
1910,222.49673025223746
1911,233.18041216031642
1912,201.73065721411766
1913,87.8202562401997
1914,542.713896891422
1915,67.097304925848
1916,475.2011100231081
1917,876.4617831502525
1918,479.1385194474144
1919,596.1378612683886
1920,368.5744569850518
1921,240.74885167955276
1922,472.82649991897694
1923,679.9760165138072
1924,685.3298819709878
1925,450.0415628794865
1926,264.76016752738275
1927,626.5296695126139
1928,311.2091629010372
1929,687.8032715344837
1930,333.7122619987703
1931,324.5580546870384
1932,224.21005955330173
1933,234.4105923945455
1934,110.294705480315
1935,1652.4561147915497
1936,674.6394046039726
1937,924.2765864242598
1938,321.20090484364493
1939,606.5057832997252
1940,301.6390677006759
1941,155.6891974131852
1942,538.4546234522181
1943,682.7426515656506
1944,1603.1440675364665
1945,276.1440171073037
1946,485.5117867921827
1947,933.4528584855824
1948,266.3520272695585
1949,311.82771076093314
1950,203.02256523168958
1951,128.4694443685388
1952,155.73922646960781
1953,415.35097984406457
1954,265.28711803287115
1955,1039.761735201422
1956,375.1920932776515
1957,344.0432409128979
1958,121.7216912528678
1959,335.49319250155617
1960,391.41187917317717
1961,273.41424893147786
1962,532.2502037530845
1963,348.04867650862786
1964,300.91478626102815
1965,646.4431208342173
1966,679.746626614806
1967,337.8046396021908
1968,386.17424932167944
1969,317.57463256671804
1970,127.89177043561516
1971,547.6190368827343
1972,460.6953162744439
1973,139.45932947452465
1974,246.50582499372
1975,2370.536492401328
1976,462.82052969742335
1977,41.39435510934605
1978,172.72014116666108
1979,188.01456701555782
1980,585.2163889723101
1981,252.9585609414151
1982,663.5726373967049
1983,416.0919422475904
1984,69.5005163695226
1985,1077.1420253976519
1986,57.25035417496001
1987,439.51738373576325
1988,918.8150769869425
1989,413.6676603206954
1990,713.8292622203037
1991,75.95887846446055
1992,105.71658431474991
1993,193.5380906442233
1994,102.67127352051178
1995,2265.6543655381365
1996,400.01135161078184
1997,669.2778843045253
1998,295.58103597725204
1999,90.09775350668257
2000,110.08410370226687
2001,133.53498832374405
2002,389.4298954907441
2003,399.34453468771966
2004,1175.5943253362375
2005,200.79902324085995
2006,569.0612141586066
2007,1257.2357950338223
2008,383.3122711083592
2009,130.72914680448224
2010,300.1437613472363
2011,223.7693803826625
2012,1153.065449671224
2013,225.04941537748678
2014,216.5640672853853
2015,902.6352350217516
2016,113.02802110642585
2017,1005.7129537047218
2018,546.7827315693062
2019,1757.5180650460352
2020,1193.9883059267972
2021,188.42746369004018
2022,1136.5076728613658
2023,266.84935464529326
2024,541.3465415381412
2025,102.84772061351681
2026,121.8890264915648
2027,177.45734029209578
2028,309.4132659854668
2029,236.76024152807247
2030,409.6034053445756
2031,38.63846458429317
2032,118.49081032763632
2033,304.43017093841394
2034,472.83367542649387
2035,83.67629351471831
2036,665.6319266788755
2037,187.64686056766294
2038,278.2977350780803
2039,180.1561118017927
2040,395.2360218327489
2041,928.8899423365532
2042,370.35651029613877
2043,254.52472246417102
2044,77.98019161624008
2045,60.555975242273746
2046,80.98883660701435
2047,508.32024787713044
2048,243.84031235032364
2049,216.51899152077917
2050,716.9732549516983
2051,243.796770390967
2052,67.15657668835308
2053,502.17989943442166
2054,34.93247082173596
2055,410.81666427838206
2056,419.16175929036274
2057,339.0670980937686
2058,695.5398381915362
2059,248.21766727226685
2060,156.3703101528779
2061,18.093733851959076
2062,610.0262429847276
2063,385.1588916955871
2064,693.7593879752343
2065,419.31006371634146
2066,121.9403892577742
2067,88.96880204213403
2068,405.380439268493
2069,243.67723632680995
2070,1201.637790194495
2071,308.2487336298049
2072,90.7422343562681
2073,157.5376085063461
2074,130.64309255827501
2075,612.4776773231282
2076,1137.7236652659715
2077,371.34529346879685
2078,221.43861395452322
2079,560.9489710723667
2080,574.7634289555336
2081,87.63287714654149
2082,727.9924462269951
2083,1093.1086804542438
2084,492.47863670249103
2085,1410.76914532607
2086,810.236364645053
2087,938.3326003078587
2088,685.4315972475183
2089,51.06769939116739
2090,183.09935222182486
2091,122.7644164298208
2092,140.2372920855344
2093,146.76758035027328
2094,485.20821472588284
2095,551.2380931076536
2096,179.65465624630596
2097,1018.4222417820195
2098,205.1365861783007
2099,84.15726741044988
2100,460.6600042599561
2101,96.44374613975019
2102,434.729423536543
2103,41.423835391656105
2104,110.10352570131953
2105,95.55086578738279
2106,226.96229845621104
2107,544.1984253355271
2108,371.7717409467397
2109,323.6704593816379
2110,1485.989266737632
2111,349.4529141549664
2112,751.7838161880079
2113,350.6322901224738
2114,262.0270162562937
2115,2187.079841464262
2116,1456.7029802573772
2117,170.07959867097227
2118,178.161694072213
2119,413.60555908345793
2120,306.2868084430687
2121,820.474139315343
2122,89.30464588125362
2123,740.2175754675932
2124,1154.2794171323117
2125,638.0796281501306
2126,709.4178089382224
2127,257.3340730455519
2128,111.29462508064348
2129,1059.3510938154916
2130,837.9964140827946
2131,428.4163290464509
2132,112.19634779572348
2133,951.5557781298475
2134,1169.436118605499
2135,160.55218144324996
2136,154.60778184001776
2137,496.884132914006
2138,222.4960279617858
2139,621.3842095054075
2140,328.8370458695838
2141,742.6507589441751
2142,925.4198049520396
2143,109.81898034609112
2144,272.76251076795546
2145,108.65982620645238
2146,222.5107277624106
2147,930.6715654655771
2148,375.2137573882193
2149,377.7229159365212
2150,36.51356177036661
2151,137.37855550027234
2152,42.53236284970017
2153,200.14292012821522
2154,377.2195023117079
2155,61.96756789890573
2156,708.5078355259856
2157,74.52675855877804
2158,479.81099362915137
2159,339.22132489947944
2160,127.01117561785415
2161,280.1517266592684
2162,2087.8970054753277
2163,94.90792516729978
2164,170.33428449548498
2165,56.000040633455356
2166,40.95219526524725
2167,113.72823394222472
2168,702.9208465634226
2169,200.63217157712654
2170,571.0703172647767
2171,666.7023720780858
2172,457.6669204724909
2173,336.15506453549034
2174,128.72034996002836
2175,82.07309339789022
2176,135.54873610983054
2177,94.97954993542204
2178,340.6230828139068
2179,205.81090912529964
2180,137.25271213701774
2181,451.29819163272936
2182,200.08891930442036
2183,587.660281882116
2184,606.2863277106629
2185,1045.3251984359829
2186,707.2672283043797
2187,249.71239532025584
2188,597.7968200374388
2189,202.7251962543112
2190,1335.6967527725662
2191,213.6177873643455
2192,114.58441138286074
2193,1010.0843146360278
2194,927.3920841858992
2195,222.66632507087644
2196,224.81660384857645
2197,114.98107816785203
2198,1002.1811650995459
2199,829.807734726262
2200,1172.185278513151
2201,111.69079031237486
2202,142.52337237019236
2203,691.0009018342638
2204,291.39432682685856
2205,340.092006408007
2206,106.49216672331202
2207,599.2726841320347
2208,1111.4019764743623
2209,1039.5596904509919
2210,147.29223169383303
2211,380.7267057003328
2212,26.357521324054563
2213,397.4954257577182
2214,142.2387245154819
2215,305.4065255041621
2216,109.54558042370915
2217,575.442785311392
2218,179.25747504247872
2219,89.67526459706728
2220,20.45172535941607
2221,330.41259874688257
2222,368.86599715547135
2223,233.8492213374403
2224,626.4888820577526
2225,464.1800716659413
2226,1292.1833500937646
2227,688.1073521186984
2228,244.89495280456794
2229,412.4202788451307
2230,243.3229336287804
2231,649.888540113551
2232,168.06123081791827
2233,1225.5026804551278
2234,1065.1897304021634
2235,658.6188201041351
2236,272.51969491826935
2237,674.6415625737778
2238,379.3320411125982
2239,223.06580800648803
2240,678.7660830454208
2241,208.59552840633984
2242,149.30798761035564
2243,589.8913294508747
2244,668.03783200493
2245,637.5127155743784
2246,23.91608782646809
2247,527.4933646956697
2248,202.97095427705625
2249,28.537583709428194
2250,271.8780376211308
2251,318.0745515627155
2252,1234.193672056927
2253,96.84419205060865
2254,115.37045069715653
2255,82.15104781978019
2256,336.21532082466587
2257,179.5867061283262
2258,182.067252697452
2259,117.48876002534506
2260,922.9320178476269
2261,2116.6220064229883
2262,215.2380587848058
2263,622.1819256915558
2264,2489.5282155744258
2265,87.44847531998676
2266,1305.8549545755434
2267,347.6242447124718
2268,100.26138956115796
2269,399.63374773012566
2270,680.7607153174772
2271,42.25670406463416
2272,394.8431401544649
2273,201.22134289063547
2274,708.3473180583776
2275,500.8873123185744
2276,219.10983170451615
2277,191.610119701731
2278,133.7455992017483
2279,152.2144996528489
2280,1426.6754949129772
2281,693.2921842590807
2282,181.24924453326824
2283,237.9892178377184
2284,2490.660014113402
2285,402.93196308531344
2286,148.81927295673114
2287,174.2970977862036
2288,215.41136501313278
2289,381.78967097772926
2290,191.0273072284567
2291,96.28342604175306
2292,298.9855639312634
2293,353.72071319028436
2294,1047.8562709389923
2295,1055.432039791843
2296,1806.6094308974043
2297,100.83693015358492
2298,315.42260373889303
2299,385.04160304833925
2300,705.3377266909861
2301,596.0093998946772
2302,432.8784262407012
2303,279.4914615048743
2304,34.60939015559295
2305,846.4997177553961
2306,29.8767436289044
2307,697.8156656546014
2308,105.9824760852859
2309,123.79490201081467
2310,274.499024054084
2311,245.85920180184044
2312,2263.003264925141
2313,50.71391045117797
2314,609.1477977961467
2315,92.15462330859874
2316,92.53368343955121
2317,1981.2551693348785
2318,1161.520390079545
2319,231.90335222988486
2320,65.4232499961171
2321,114.02081048014152
2322,2352.4647288804863
2323,110.24462854323987
2324,413.8187744070729
2326,261.42041635927217
2327,116.19252975358019
2328,1986.8996174124113
2329,150.23871695424762
2330,407.33094177035593
2331,633.5865503272636
2332,119.23773296693112
2333,52.161026432143
2334,1371.6785656570448
2335,337.7130942207361
2336,339.67305031373587
2337,1709.4038189158468
2338,433.7570050992975
2339,88.8707742709385
2340,448.5848349690059
2341,709.0398809297359
2342,850.4464984946875
2343,669.1135181993571
2344,438.06505184882593
2345,596.4989130161586
2346,154.9891718779666
2347,414.64041804914444
2348,72.02621516144208
2349,408.39400292488176
2350,145.47632405724687
2351,2484.416031348042
2352,178.7850892540092
2353,121.84734528882977
2354,609.9170088160691
2355,40.457069720373354
2356,346.5562059036994
2357,51.082055762352496
2358,217.22148844491605
2359,295.9219126358765
2360,1203.5957568300885
2361,769.9121035070244
2362,86.60068314034044
2363,205.2955761021328
2364,1192.845946904726
2365,78.22724097227317
2366,645.0110925835169
2367,573.9374997138018
2368,164.2479080803173
2369,425.56602931083444
2370,872.1199403868169
2371,209.77451042269612
2372,569.6813229018474
2373,137.8744857662935
2374,853.8994089898436
2375,445.6046129156515
2376,495.66196233346585
2377,195.10139013083554
2378,1089.4464977593652
2379,192.4512587649104
2380,752.3229697452574
2381,307.89116270662817
2382,129.96750150390838
2383,46.66539243441864
2384,101.9462885021252
2385,734.8388124597626
2386,130.7179234965266
2387,133.3205375835347
2388,337.6106282699008
2389,316.761316660322
2390,110.22579503533835
2391,100.78626247849748
2392,363.5552698833304
2393,715.1064864811815
2394,266.7815147450163
2395,603.7459794162748
2396,114.28374804797012
2397,301.6340949156403
2398,345.1593441066412
2399,29.415681164520564
2400,2272.037947059915
2401,98.369469220068
2402,93.52063348703034
2403,39.11968326989573
2404,142.8569949843344
2405,402.9960203732205
2406,705.5133286130938
2407,998.4204488958061
2408,410.19287854426693
2409,132.53631267505298
2410,319.9291686260729
2411,210.09468766645838
2412,1785.8375748178987
2413,108.99775322120418
2414,68.20782747723399
2415,286.821340261266
2416,609.1887680740118
2417,20.196932733133803
2418,293.3152874444057
2419,160.5010672780884
2420,607.3725033758336
2421,1008.5051805681553
2422,42.80338099487017
2423,313.5599694298078
2424,486.68400227988786
2425,491.7296731242466
2426,331.27758991037234
2427,1198.3542557594715
2428,67.44805127256335
2429,307.4163261019519
2430,314.1586717391558
2431,140.5992408837636
2432,749.3623304832151
2433,168.16054310245053
2434,108.94027543286938
2435,512.5661525942011
2436,158.46969689010498
2437,836.012243889345
2438,396.79318758738475
2439,83.17487919938243
2440,431.08829304600175
2441,197.56872587564067
2442,135.36995850383016
2443,196.39319815550647
2444,120.68349873878748
2445,929.0462625068211
2446,781.3990220566383
2447,1085.281308508602
2448,1117.9261958564757
2449,1383.8845514977263
2450,536.1494728557989
2451,1016.6725429989359
2452,389.05218707899974
2453,649.8144941180418
2454,76.33074548673191
2455,893.6776758121584
2456,162.8990872947629
2457,190.79593407192257
2458,123.99520631700494
2459,2321.3117800711016
2460,106.0352471742625
2461,282.953796589481
2462,1460.880870886075
2463,20.81709806335298
2464,190.94131634617875
2465,389.6731816738912
2466,285.4769619949416
2467,1764.4119849657907
2468,205.62237755566474
2469,90.04859613000849
2470,193.30333750422452
2471,241.838814604298
2472,194.11947461105927
2473,78.16543829864831
2474,93.01047796560196
2475,751.6810987324517
2476,35.72822136855104
2477,360.2165147515327
2478,408.4823556504851
2479,2242.4026465487195
2480,172.90569110666772
2481,848.8408980741796
2482,324.50445895759015
2483,278.21661159309883
2484,1082.403819055355
2485,167.67907637242902
2486,541.1294222022243
2487,114.25307077187986
2488,955.1288625498607
2489,1174.0131708076071
2490,116.78501987382401
2491,71.70949744918681
2492,374.2483734576426
2493,132.9054111076002
2494,293.8681921991722
2495,25.125071944394236
2496,771.984237450868
2497,1035.0947148326125
2498,389.26188864198656
2499,544.5005660678821
2500,786.0695318621548
